takeoff_name,telegram_group_name,telegram_group_link,site_guide,geometry
Aberfoyle,South Scotland & Grampian,https://t.me/joinchat/WLIel5HDs6ViOThk,NA,"c(-4.40283, 56.18777)"
Abernant,South Wales,https://t.me/joinchat/ksosguoLjyI0ZGFk,NA,"c(-3.89551, 51.76015)"
Abernethy,South Scotland & Grampian,https://t.me/joinchat/WLIel5HDs6ViOThk,NA,"c(-3.32118, 56.32487)"
Abington,Borders,https://t.me/joinchat/gQNkjnuA51IwOTg0,NA,"c(-3.67677, 55.50938)"
Achnasheen,Highlands,https://t.me/joinchat/gx0JDL-JdONiMGZk,NA,"c(-5.13001, 57.543075)"
Afton,Isle of Wight,https://t.me/joinchat/tSmGEGKwsGpkMTg0,https://flywight.extremelynice.net/wp/wp-content/uploads/2017/03/iowhgpc-sites-guide_2019_03.pdf,"c(-1.47991, 50.67099)"
Alcock Tarn,Lakes,https://t.me/joinchat/nexjPNs95rY4Yzk8,NA,"c(-3.00033, 54.46255)"
Alva,South Scotland & Grampian,https://t.me/joinchat/WLIel5HDs6ViOThk,NA,"c(-3.8059, 56.161185)"
Alvie,Highlands,https://t.me/joinchat/gx0JDL-JdONiMGZk,NA,"c(-3.92057, 57.160375)"
An Liathanach,Highlands,https://t.me/joinchat/gx0JDL-JdONiMGZk,NA,"c(-5.099635, 57.56736)"
An Soutar,Highlands,https://t.me/joinchat/gx0JDL-JdONiMGZk,NA,"c(-4.89483, 57.36645)"
An Teallach,Highlands,https://t.me/joinchat/gx0JDL-JdONiMGZk,NA,"c(-5.2443, 57.79052)"
Aonach Mor,South Scotland & Grampian,https://t.me/joinchat/WLIel5HDs6ViOThk,NA,"c(-4.97029, 56.842215)"
Arenig Fawr,North Wales,https://t.me/joinchat/tP6m0r9gNJJmOTM8,https://www.snowdoniaskysports.co.uk/cms/node/19,"c(-3.7519, 52.91723)"
Arreton,Isle of Wight,https://t.me/joinchat/tSmGEGKwsGpkMTg0,NA,"c(-1.2274, 50.681125)"
Dragons Tail (Y Crib),South Wales,https://t.me/joinchat/ksosguoLjyI0ZGFk,NA,"c(-3.1702, 51.972375)"
Gordies Pike,Lakes,https://t.me/joinchat/nexjPNs95rY4Yzk8,NA,"c(-3.22876, 54.516775)"
Gummers How,Lakes,https://t.me/joinchat/nexjPNs95rY4Yzk8,NA,"c(-2.93962, 54.28817)"
Lord Herefords Kno,South Wales,https://t.me/joinchat/ksosguoLjyI0ZGFk,NA,"c(-3.12255, 52.00996)"
Meall Amhadaidh,South Scotland & Grampian,https://t.me/joinchat/WLIel5HDs6ViOThk,NA,"c(-4.2764, 56.395415)"
Suidh A Mhinn,Highlands,https://t.me/joinchat/gx0JDL-JdONiMGZk,NA,"c(-6.35319, 57.63479)"
Tap Onoth,South Scotland & Grampian,https://t.me/joinchat/WLIel5HDs6ViOThk,NA,"c(-2.85748, 57.3503)"
Backbarrow,Lakes,https://t.me/joinchat/nexjPNs95rY4Yzk8,NA,"c(-3.343665, 54.44115)"
Balladen,Pennines & Dales,https://t.me/joinchat/NcCY7NcPJ3lkMTZk,http://www.penninesoaringclub.org.uk/sites/balladen/,"c(-2.27285, 53.68761)"
Ballard Down,West,https://t.me/joinchat/xxEzm4aeX6dhNTJk,http://www.wessexhgpg.org.uk/Sites/Siteguide/FullSiteGuide.pdf,"c(-1.94635, 50.63087)"
Balquhidder,South Scotland & Grampian,https://t.me/joinchat/WLIel5HDs6ViOThk,NA,"c(-4.34925, 56.36606)"
Balquhider,South Scotland & Grampian,https://t.me/joinchat/WLIel5HDs6ViOThk,NA,"c(-4.42514, 56.358235)"
Bank Hill,Borders,https://t.me/joinchat/gQNkjnuA51IwOTg0,NA,"c(-3.686185, 56.17283)"
Barf,Lakes,https://t.me/joinchat/nexjPNs95rY4Yzk8,NA,"c(-3.2179, 54.62967)"
Barkin,Pennines & Dales,https://t.me/joinchat/NcCY7NcPJ3lkMTZk,http://www.cumbriasoaringclub.co.uk/SiteManagement/CSC_Specific_Site.php?site=BKF,"c(-2.498085, 54.276305)"
Barton Fell,Lakes,https://t.me/joinchat/nexjPNs95rY4Yzk8,http://www.cumbriasoaringclub.co.uk/SiteManagement/CSC_Specific_Site.php?site=BRF,"c(-2.82593, 54.58517)"
Barton On Sea,West,https://t.me/joinchat/xxEzm4aeX6dhNTJk,http://www.wessexhgpg.org.uk/Sites/Siteguide/FullSiteGuide.pdf,"c(-1.65853, 50.73524)"
Batcombe,West,https://t.me/joinchat/xxEzm4aeX6dhNTJk,NA,"c(-2.51013, 50.84403)"
Beardown,South West,https://t.me/joinchat/yg6UPwjHlFNhOGVk,NA,"c(-3.96795, 50.57238)"
Beeftub,Borders,https://t.me/joinchat/gQNkjnuA51IwOTg0,NA,"c(-3.49012, 55.40067)"
Beer Head,South West,https://t.me/joinchat/yg6UPwjHlFNhOGVk,NA,"c(-3.10112, 50.68713)"
Beinn A'chait,Highlands,https://t.me/joinchat/gx0JDL-JdONiMGZk,NA,"c(-3.862515, 56.84425)"
Beinn A Chaorainn,South Scotland & Grampian,https://t.me/joinchat/WLIel5HDs6ViOThk,NA,"c(-4.65657, 56.918)"
Beinn A Muice,Highlands,https://t.me/joinchat/gx0JDL-JdONiMGZk,NA,"c(-4.951625, 57.41789)"
Beinn Dorain,South Scotland & Grampian,https://t.me/joinchat/WLIel5HDs6ViOThk,NA,"c(-4.72987, 56.51697)"
Beinn Eighe,Highlands,https://t.me/joinchat/gx0JDL-JdONiMGZk,NA,"c(-5.38462, 57.58387)"
Beinn Leabhainn,South Scotland & Grampian,https://t.me/joinchat/WLIel5HDs6ViOThk,NA,"c(-4.32405, 56.42644)"
Beinn Lutharn Bheag,Highlands,https://t.me/joinchat/gx0JDL-JdONiMGZk,NA,"c(-3.53437, 56.89547)"
Beinn Na Feusaige,Highlands,https://t.me/joinchat/gx0JDL-JdONiMGZk,NA,"c(-5.18294, 57.53746)"
Beinn Narnain,South Scotland & Grampian,https://t.me/joinchat/WLIel5HDs6ViOThk,NA,"c(-4.78079, 56.218045)"
Bell Hill,West,https://t.me/joinchat/xxEzm4aeX6dhNTJk,http://www.wessexhgpg.org.uk/Sites/SiteGuide/BellHill.pdf,"c(-2.28855, 50.8761)"
Belstone,South West,https://t.me/joinchat/yg6UPwjHlFNhOGVk,https://sdhgpc.org.uk/sites/belstone,"c(-3.96592, 50.69908)"
Ben Gulabin,Highlands,https://t.me/joinchat/gx0JDL-JdONiMGZk,NA,"c(-3.4723, 56.8306)"
Ben Hiel,Highlands,https://t.me/joinchat/gx0JDL-JdONiMGZk,NA,"c(-4.398025, 58.416055)"
Ben Lawers,South Scotland & Grampian,https://t.me/joinchat/WLIel5HDs6ViOThk,NA,"c(-4.24297, 56.5277)"
Ben Ledi,South Scotland & Grampian,https://t.me/joinchat/WLIel5HDs6ViOThk,NA,"c(-4.30922, 56.25059)"
Ben Luibhean,South Scotland & Grampian,https://t.me/joinchat/WLIel5HDs6ViOThk,NA,"c(-4.84298, 56.22953)"
Ben More,South Scotland & Grampian,https://t.me/joinchat/WLIel5HDs6ViOThk,NA,"c(-4.542525, 56.385595)"
Ben Nevis,South Scotland & Grampian,https://t.me/joinchat/WLIel5HDs6ViOThk,NA,"c(-5.00398, 56.79638)"
Ben Reid,South Scotland & Grampian,https://t.me/joinchat/WLIel5HDs6ViOThk,NA,"c(-3.118025, 56.860225)"
Ben Rinnes,South Scotland & Grampian,https://t.me/joinchat/WLIel5HDs6ViOThk,NA,"c(-3.239035, 57.403135)"
Ben Tirran,South Scotland & Grampian,https://t.me/joinchat/WLIel5HDs6ViOThk,NA,"c(-3.03435, 56.84645)"
Ben Toaig,South Scotland & Grampian,https://t.me/joinchat/WLIel5HDs6ViOThk,NA,"c(-4.83574, 56.559805)"
Ben Uarie,Highlands,https://t.me/joinchat/gx0JDL-JdONiMGZk,NA,"c(-3.81967, 58.12663)"
Ben Vorlich,South Scotland & Grampian,https://t.me/joinchat/WLIel5HDs6ViOThk,NA,"c(-4.245115, 56.366585)"
Ben Wyvis,Highlands,https://t.me/joinchat/gx0JDL-JdONiMGZk,NA,"c(-4.55451, 57.682625)"
Bewaldeth,Lakes,https://t.me/joinchat/nexjPNs95rY4Yzk8,http://www.cumbriasoaringclub.co.uk/SiteManagement/CSC_Specific_Site.php?site=BWD,"c(-3.22439, 54.714535)"
Bin Of Cullen,South Scotland & Grampian,https://t.me/joinchat/WLIel5HDs6ViOThk,NA,"c(-2.87393, 57.66573)"
Birks Hill,Borders,https://t.me/joinchat/gQNkjnuA51IwOTg0,NA,"c(-3.13455, 55.58999)"
Bishop,South Scotland & Grampian,https://t.me/joinchat/WLIel5HDs6ViOThk,NA,"c(-3.31957, 56.21678)"
Black Combe,Lakes,https://t.me/joinchat/nexjPNs95rY4Yzk8,http://www.cumbriasoaringclub.co.uk/SiteManagement/CSC_Specific_Site.php?site=BCE,"c(-3.35297, 54.26295)"
Black Combe East,Lakes,https://t.me/joinchat/nexjPNs95rY4Yzk8,NA,"c(-3.317135, 54.253165)"
Black Craig,South Scotland & Grampian,https://t.me/joinchat/WLIel5HDs6ViOThk,NA,"c(-4.35264, 55.22767)"
Black Hill,South Wales,https://t.me/joinchat/ksosguoLjyI0ZGFk,NA,"c(-3.05463, 52.00213)"
Black Mount,South Scotland & Grampian,https://t.me/joinchat/WLIel5HDs6ViOThk,NA,"c(-4.73331, 56.586475)"
Blackers Hole,West,https://t.me/joinchat/xxEzm4aeX6dhNTJk,NA,"c(-1.9853, 50.59345)"
Blackmount,South Scotland & Grampian,https://t.me/joinchat/WLIel5HDs6ViOThk,NA,"c(-4.76467, 56.58578)"
Blaenavon (Gb),South Wales,https://t.me/joinchat/ksosguoLjyI0ZGFk,NA,"c(-3.13877, 51.78122)"
Blease Fell,Lakes,https://t.me/joinchat/nexjPNs95rY4Yzk8,http://www.cumbriasoaringclub.co.uk/SiteManagement/CSC_Specific_Site.php?site=BLF,"c(-3.07365, 54.62548)"
Blencathra,Lakes,https://t.me/joinchat/nexjPNs95rY4Yzk8,NA,"c(-3.05068, 54.6401)"
Blorenge,South Wales,https://t.me/joinchat/ksosguoLjyI0ZGFk,NA,"c(-3.0512, 51.80443)"
Bo Peep,South East,https://t.me/joinchat/GOaWSlE5YAswZjc0,https://shgc.org.uk/siteguidepdf,"c(0.1285, 50.82066)"
Bodesbeck Law,Borders,https://t.me/joinchat/gQNkjnuA51IwOTg0,http://www.wingbeat-paragliding.co.uk/index.php/sites/bodesbeck,"c(-3.314925, 55.37974)"
Bow Scale Tarn,Lakes,https://t.me/joinchat/nexjPNs95rY4Yzk8,NA,"c(-3.0308, 54.67045)"
Bowfell,Lakes,https://t.me/joinchat/nexjPNs95rY4Yzk8,NA,"c(-3.1781, 54.4572)"
Bradwell,Central,https://t.me/joinchat/5iHr6hnc-gI4MDg0,https://derbyshiresoaringclub.org.uk/site-guide/bradwell,"c(-1.73005, 53.321)"
Braemore Junction,Highlands,https://t.me/joinchat/gx0JDL-JdONiMGZk,NA,"c(-4.99636, 57.76404)"
Brant Side,Pennines & Dales,https://t.me/joinchat/NcCY7NcPJ3lkMTZk,NA,"c(-2.3437, 54.2758)"
Bratton,West,https://t.me/joinchat/xxEzm4aeX6dhNTJk,NA,"c(-2.14507, 51.26413)"
Bridlington,North East,https://t.me/joinchat/1uCqybLRETIyNTRk,https://cayleyparagliding.co.uk/paragliding-bridlington/,"c(-0.17363, 54.0955)"
Brighstone,Isle of Wight,https://t.me/joinchat/tSmGEGKwsGpkMTg0,https://flywight.extremelynice.net/wp/wp-content/uploads/2017/03/iowhgpc-sites-guide_2019_03.pdf,"c(-1.38317, 50.65169)"
Brigsteer,Pennines & Dales,https://t.me/joinchat/NcCY7NcPJ3lkMTZk,http://www.cumbriasoaringclub.co.uk/SiteManagement/CSC_Specific_Site.php?site=BRG,"c(-2.79064, 54.29617)"
Broadlee Bank,Central,https://t.me/joinchat/5iHr6hnc-gI4MDg0,https://derbyshiresoaringclub.org.uk/site-guide/broadlee-bank/,"c(-1.83582, 53.37)"
Broughton Heights,Borders,https://t.me/joinchat/gQNkjnuA51IwOTg0,NA,"c(-3.40388, 55.66144)"
Brownber Hill,Lakes,https://t.me/joinchat/nexjPNs95rY4Yzk8,NA,"c(-2.45711, 54.648575)"
Bruthac Nan Uamh,Highlands,https://t.me/joinchat/gx0JDL-JdONiMGZk,NA,"c(-4.99246, 57.1652)"
Bryn Banog,North Wales,https://t.me/joinchat/tP6m0r9gNJJmOTM8,NA,"c(-4.12414, 52.98795)"
Bryncaws,South Wales,https://t.me/joinchat/ksosguoLjyI0ZGFk,NA,"c(-3.78954, 51.71236)"
Buck Of Cabrach,South Scotland & Grampian,https://t.me/joinchat/WLIel5HDs6ViOThk,NA,"c(-2.97968, 57.29813)"
Bunster,Central,https://t.me/joinchat/5iHr6hnc-gI4MDg0,https://www.paraguide.uk/guides/Bunster.pdf,"c(-1.791695, 53.06035)"
Burger Van,South Scotland & Grampian,https://t.me/joinchat/WLIel5HDs6ViOThk,NA,"c(-4.324195, 56.430315)"
Burn Fell,Pennines & Dales,https://t.me/joinchat/NcCY7NcPJ3lkMTZk,NA,"c(-2.49325, 53.97338)"
Burnbank,Lakes,https://t.me/joinchat/nexjPNs95rY4Yzk8,http://www.cumbriasoaringclub.co.uk/SiteManagement/CSC_Specific_Site.php?site=BNB,"c(-3.37201, 54.57997)"
Burney,Lakes,https://t.me/joinchat/nexjPNs95rY4Yzk8,http://www.cumbriasoaringclub.co.uk/SiteManagement/CSC_Specific_Site.php?site=BNF,"c(-3.13794, 54.26124)"
Butser West,South East,https://t.me/joinchat/GOaWSlE5YAswZjc0,http://skysurfingclub.co.uk/sites-guide/,"c(-0.98785, 50.97682)"
Buttermere Moss,Lakes,https://t.me/joinchat/nexjPNs95rY4Yzk8,http://www.cumbriasoaringclub.co.uk/SiteManagement/CSC_Specific_Site.php?site=BTM,"c(-3.257675, 54.542225)"
Cacra,Borders,https://t.me/joinchat/gQNkjnuA51IwOTg0,http://www.wingbeat-paragliding.co.uk/index.php/sites/cacra-bank,"c(-3.07375, 55.4435)"
Cairn An Righ,Highlands,https://t.me/joinchat/gx0JDL-JdONiMGZk,NA,"c(-3.610235, 56.87479)"
Cairn O Mount,South Scotland & Grampian,https://t.me/joinchat/WLIel5HDs6ViOThk,NA,"c(-2.575745, 56.914)"
Cairn Vaich,South Scotland & Grampian,https://t.me/joinchat/WLIel5HDs6ViOThk,NA,"c(-3.266205, 57.179775)"
Cairngorm,Highlands,https://t.me/joinchat/gx0JDL-JdONiMGZk,NA,"c(-3.64523, 57.11905)"
Cairnwell,South Scotland & Grampian,https://t.me/joinchat/WLIel5HDs6ViOThk,NA,"c(-3.42092, 56.87667)"
Camlo,Mid Wales & Mynd,https://t.me/joinchat/RuC0kVJ1ygY2OTY8,NA,"c(-3.42097, 52.32208)"
Campsie Fells,South Scotland & Grampian,https://t.me/joinchat/WLIel5HDs6ViOThk,NA,"c(-4.218045, 55.992965)"
Captain Cooks,North East,https://t.me/joinchat/1uCqybLRETIyNTRk,NA,"c(-1.09143, 54.48282)"
Cardon Hill,Borders,https://t.me/joinchat/gQNkjnuA51IwOTg0,NA,"c(-3.48178, 55.57002)"
Carlton Bank,North East,https://t.me/joinchat/1uCqybLRETIyNTRk,NA,"c(-1.20225, 54.4155)"
Carn Ban,Highlands,https://t.me/joinchat/gx0JDL-JdONiMGZk,NA,"c(-4.78808, 57.42762)"
Carn Brea,South West,https://t.me/joinchat/yg6UPwjHlFNhOGVk,NA,"c(-5.2496, 50.221315)"
Carn Dubh,Highlands,https://t.me/joinchat/gx0JDL-JdONiMGZk,NA,"c(-4.44227, 57.00037)"
Carn Ghluasaid,Highlands,https://t.me/joinchat/gx0JDL-JdONiMGZk,NA,"c(-5.075125, 57.15604)"
Carn Liath,Highlands,https://t.me/joinchat/gx0JDL-JdONiMGZk,NA,"c(-3.74793, 56.80353)"
Carn Moine,South Scotland & Grampian,https://t.me/joinchat/WLIel5HDs6ViOThk,NA,"c(-3.27857, 57.0533)"
Carn Na Caim,Highlands,https://t.me/joinchat/gx0JDL-JdONiMGZk,NA,"c(-4.183075, 56.9202)"
Carn Nam Feuaich,Highlands,https://t.me/joinchat/gx0JDL-JdONiMGZk,NA,"c(-5.017715, 57.166375)"
Carrock Fell,Lakes,https://t.me/joinchat/nexjPNs95rY4Yzk8,http://www.cumbriasoaringclub.co.uk/SiteManagement/CSC_Specific_Site.php?site=CRF,"c(-3.015975, 54.69762)"
Catacol,South Scotland & Grampian,https://t.me/joinchat/WLIel5HDs6ViOThk,NA,"c(-5.31787, 55.69668)"
Catbells,Lakes,https://t.me/joinchat/nexjPNs95rY4Yzk8,NA,"c(-3.16953, 54.57328)"
Cats Tor,Central,https://t.me/joinchat/5iHr6hnc-gI4MDg0,https://derbyshiresoaringclub.org.uk/site-guide/cats-tor/,"c(-2.00997, 53.28013)"
Cautley,Pennines & Dales,https://t.me/joinchat/NcCY7NcPJ3lkMTZk,NA,"c(-2.481585, 54.37131)"
Chalton,South East,https://t.me/joinchat/GOaWSlE5YAswZjc0,NA,"c(-0.954245, 50.929515)"
Charmouth,South West,https://t.me/joinchat/yg6UPwjHlFNhOGVk,NA,"c(-2.89324, 50.733045)"
Cherhill,West,https://t.me/joinchat/xxEzm4aeX6dhNTJk,NA,"c(-1.93176, 51.42457)"
Chillerton,Isle of Wight,https://t.me/joinchat/tSmGEGKwsGpkMTg0,https://flywight.extremelynice.net/wp/wp-content/uploads/2017/03/iowhgpc-sites-guide_2019_03.pdf,"c(-1.32695, 50.647735)"
Chinkwell Tor,South West,https://t.me/joinchat/yg6UPwjHlFNhOGVk,https://sdhgpc.org.uk/sites/chinkwell,"c(-3.797265, 50.588645)"
Chinnor,South East,https://t.me/joinchat/GOaWSlE5YAswZjc0,https://dunstablehpc.com/site-guides/chinnor-site-guide/,"c(-0.89113, 51.69957)"
Choinneachain Hill,South Scotland & Grampian,https://t.me/joinchat/WLIel5HDs6ViOThk,NA,"c(-3.91312, 56.42272)"
Clatter,Mid Wales & Mynd,https://t.me/joinchat/RuC0kVJ1ygY2OTY8,NA,"c(-3.469925, 52.557375)"
Clough Head,Lakes,https://t.me/joinchat/nexjPNs95rY4Yzk8,http://www.cumbriasoaringclub.co.uk/SiteManagement/CSC_Specific_Site.php?site=CLH,"c(-3.04325, 54.5974)"
Cock Up,Lakes,https://t.me/joinchat/nexjPNs95rY4Yzk8,NA,"c(-3.15, 54.673275)"
Cocking Tor,Central,https://t.me/joinchat/5iHr6hnc-gI4MDg0,https://derbyshiresoaringclub.org.uk/site-guide/cocking-tor/,"c(-1.48246, 53.1431)"
Codden Hill,South West,https://t.me/joinchat/yg6UPwjHlFNhOGVk,https://ndhpc.co.uk/sites_guide/codden_hill_guide,"c(-4.02324, 51.04903)"
Cogden,South West,https://t.me/joinchat/yg6UPwjHlFNhOGVk,NA,"c(-2.717035, 50.694735)"
Coiliochbhar,South Scotland & Grampian,https://t.me/joinchat/WLIel5HDs6ViOThk,NA,"c(-2.81837, 57.23063)"
Coire Nan Cisteachan,Highlands,https://t.me/joinchat/gx0JDL-JdONiMGZk,NA,"c(-4.20522, 56.89856)"
Combe Gibbet,West,https://t.me/joinchat/xxEzm4aeX6dhNTJk,https://www.tvhgc.co.uk/combe-gibbet,"c(-1.480475, 51.35858)"
Compton Reds,Isle of Wight,https://t.me/joinchat/tSmGEGKwsGpkMTg0,https://flywight.extremelynice.net/wp/wp-content/uploads/2017/03/iowhgpc-sites-guide_2019_03.pdf,"c(-1.473465, 50.662695)"
Coniston Old Man,Lakes,https://t.me/joinchat/nexjPNs95rY4Yzk8,http://www.cumbriasoaringclub.co.uk/SiteManagement/CSC_Specific_Site.php?site=COM,"c(-3.11632, 54.36845)"
Coombe,West,https://t.me/joinchat/xxEzm4aeX6dhNTJk,NA,"c(-1.47922, 51.35865)"
Corn Ridge,South West,https://t.me/joinchat/yg6UPwjHlFNhOGVk,https://sdhgpc.org.uk/sites/corn-ridge,"c(-4.04919, 50.68646)"
Corndon,Mid Wales & Mynd,https://t.me/joinchat/RuC0kVJ1ygY2OTY8,http://www.longmynd.org/?page_id=272,"c(-3.02, 52.56568)"
Corney Fell,Lakes,https://t.me/joinchat/nexjPNs95rY4Yzk8,http://www.cumbriasoaringclub.co.uk/SiteManagement/CSC_Specific_Site.php?site=CNF,"c(-3.32382, 54.32188)"
Corton Denham,West,https://t.me/joinchat/xxEzm4aeX6dhNTJk,http://www.wessexhgpg.org.uk/Sites/Siteguide/FullSiteGuide.pdf,"c(-2.524, 51.007525)"
Cotterside,Pennines & Dales,https://t.me/joinchat/NcCY7NcPJ3lkMTZk,NA,"c(-2.29659, 54.3376)"
Cow Close Fell,Pennines & Dales,https://t.me/joinchat/NcCY7NcPJ3lkMTZk,https://www.dhpc.org.uk/site-guide/cow-close-fell,"c(-2.17244, 54.15457)"
Cowden,North East,https://t.me/joinchat/1uCqybLRETIyNTRk,NA,"c(-0.12186, 53.863075)"
Cowdown,South West,https://t.me/joinchat/yg6UPwjHlFNhOGVk,http://www.wessexhgpg.org.uk/Sites/Siteguide/FullSiteGuide.pdf,"c(-2.51357, 50.797005)"
Cowlod,Mid Wales & Mynd,https://t.me/joinchat/RuC0kVJ1ygY2OTY8,https://paraglidingwales.co.uk/cowlod/,"c(-3.23585, 52.26499)"
Crag Hill,Lakes,https://t.me/joinchat/nexjPNs95rY4Yzk8,NA,"c(-3.24955, 54.571785)"
Cragdale Moor,Pennines & Dales,https://t.me/joinchat/NcCY7NcPJ3lkMTZk,NA,"c(-2.149665, 54.24274)"
Craig Hulich,South Scotland & Grampian,https://t.me/joinchat/WLIel5HDs6ViOThk,NA,"c(-3.799075, 56.518175)"
Craigellachie,Highlands,https://t.me/joinchat/gx0JDL-JdONiMGZk,NA,"c(-3.85102, 57.189015)"
Craiglich,South Scotland & Grampian,https://t.me/joinchat/WLIel5HDs6ViOThk,NA,"c(-2.77367, 57.136735)"
Creag An Earbaill,Highlands,https://t.me/joinchat/gx0JDL-JdONiMGZk,NA,"c(-5.55068, 57.29197)"
Creag Dhubh,Highlands,https://t.me/joinchat/gx0JDL-JdONiMGZk,NA,"c(-4.10193, 57.10048)"
Creag Ghleannain,Highlands,https://t.me/joinchat/gx0JDL-JdONiMGZk,NA,"c(-3.889825, 57.17835)"
Creag Meagaidh,Highlands,https://t.me/joinchat/gx0JDL-JdONiMGZk,NA,"c(-4.533125, 56.95488)"
Creag Meageaidh,Highlands,https://t.me/joinchat/gx0JDL-JdONiMGZk,NA,"c(-4.51507, 56.9712)"
Creag Mhigeachaidh,Highlands,https://t.me/joinchat/gx0JDL-JdONiMGZk,NA,"c(-3.865565, 57.099135)"
Creag Na Caillich,South Scotland & Grampian,https://t.me/joinchat/WLIel5HDs6ViOThk,NA,"c(-4.346695, 56.494375)"
Creag Nan Gabhar,South Scotland & Grampian,https://t.me/joinchat/WLIel5HDs6ViOThk,NA,"c(-3.40203, 56.93675)"
Creag Ruadh,Highlands,https://t.me/joinchat/gx0JDL-JdONiMGZk,NA,"c(-4.86833, 57.5474)"
Creagan Gorm,Highlands,https://t.me/joinchat/gx0JDL-JdONiMGZk,NA,"c(-3.695015, 57.187535)"
Cringle,North East,https://t.me/joinchat/1uCqybLRETIyNTRk,NA,"c(-1.17202, 54.42112)"
Cross Fell,Borders,https://t.me/joinchat/gQNkjnuA51IwOTg0,NA,"c(-2.52788, 54.70137)"
Curbar,Central,https://t.me/joinchat/5iHr6hnc-gI4MDg0,https://derbyshiresoaringclub.org.uk/site-guide/curbar/,"c(-1.61147, 53.2694)"
Cwmafan,South Wales,https://t.me/joinchat/ksosguoLjyI0ZGFk,NA,"c(-3.76633, 51.62673)"
Cwmbran,South Wales,https://t.me/joinchat/ksosguoLjyI0ZGFk,NA,"c(-3.05492, 51.67538)"
Cyrniau,North Wales,https://t.me/joinchat/tP6m0r9gNJJmOTM8,NA,"c(-3.40228, 52.81572)"
Dale Head,Lakes,https://t.me/joinchat/nexjPNs95rY4Yzk8,https://derbyshiresoaringclub.org.uk/site-guide/dale-head/,"c(-3.20282, 54.52678)"
Dalefoot,Pennines & Dales,https://t.me/joinchat/NcCY7NcPJ3lkMTZk,NA,"c(-2.33715, 54.43709)"
Dalwhinnie,Highlands,https://t.me/joinchat/gx0JDL-JdONiMGZk,NA,"c(-4.20859, 56.8977)"
Devils Dyke,South East,https://t.me/joinchat/GOaWSlE5YAswZjc0,https://shgc.org.uk/siteguidepdf,"c(-0.21312, 50.88575)"
Devonshaw Hill,Borders,https://t.me/joinchat/gQNkjnuA51IwOTg0,NA,"c(-3.649395, 55.541055)"
Didling Hill,South East,https://t.me/joinchat/GOaWSlE5YAswZjc0,NA,"c(-0.821375, 50.953315)"
Ditchling,South East,https://t.me/joinchat/GOaWSlE5YAswZjc0,https://shgc.org.uk/siteguidepdf,"c(-0.103435, 50.901035)"
Dodd Fell,Pennines & Dales,https://t.me/joinchat/NcCY7NcPJ3lkMTZk,https://www.dhpc.org.uk/site-guide/dodd-fell-grove-head,"c(-2.26377, 54.24897)"
Dollar,South Scotland & Grampian,https://t.me/joinchat/WLIel5HDs6ViOThk,NA,"c(-3.68507, 56.17331)"
Drumochter,Highlands,https://t.me/joinchat/gx0JDL-JdONiMGZk,NA,"c(-4.21493, 56.8679)"
Dumyat,South Scotland & Grampian,https://t.me/joinchat/WLIel5HDs6ViOThk,NA,"c(-3.88057, 56.1543)"
Dungavel,Borders,https://t.me/joinchat/gQNkjnuA51IwOTg0,NA,"c(-3.68532, 55.55825)"
Dunstable,South East,https://t.me/joinchat/GOaWSlE5YAswZjc0,https://dunstablehpc.com/site-guides/dunstable-downs-site-guide/,"c(-0.53799, 51.869975)"
East Hill,North Wales,https://t.me/joinchat/tP6m0r9gNJJmOTM8,NA,"c(-2.603665, 53.081195)"
East Lomond,South Scotland & Grampian,https://t.me/joinchat/WLIel5HDs6ViOThk,NA,"c(-3.221405, 56.2422)"
Ebbw Vale,South Wales,https://t.me/joinchat/ksosguoLjyI0ZGFk,NA,"c(-3.20664, 51.7524)"
Ecton,Central,https://t.me/joinchat/5iHr6hnc-gI4MDg0,NA,"c(-1.8514, 53.11943)"
Edenfield,Pennines & Dales,https://t.me/joinchat/NcCY7NcPJ3lkMTZk,http://www.penninesoaringclub.org.uk/sites/edenfield/,"c(-2.27196, 53.65658)"
Edge Top,Central,https://t.me/joinchat/5iHr6hnc-gI4MDg0,NA,"c(-1.9191, 53.18847)"
Elan Valley,Mid Wales & Mynd,https://t.me/joinchat/RuC0kVJ1ygY2OTY8,NA,"c(-3.60265, 52.33142)"
Elidir Fach,North Wales,https://t.me/joinchat/tP6m0r9gNJJmOTM8,https://www.snowdoniaskysports.co.uk/cms/node/8,"c(-4.09171, 53.13093)"
Ellerside,Lakes,https://t.me/joinchat/nexjPNs95rY4Yzk8,http://www.cumbriasoaringclub.co.uk/SiteManagement/CSC_Specific_Site.php?site=ELS,"c(-2.99003, 54.21653)"
Ennerdale,Lakes,https://t.me/joinchat/nexjPNs95rY4Yzk8,NA,"c(-3.3957, 54.52008)"
Eyam,Central,https://t.me/joinchat/5iHr6hnc-gI4MDg0,https://derbyshiresoaringclub.org.uk/site-guide/eyam-edge,"c(-1.69618, 53.29617)"
Eype,South West,https://t.me/joinchat/yg6UPwjHlFNhOGVk,NA,"c(-2.77895, 50.71583)"
Fairsnape,Pennines & Dales,https://t.me/joinchat/NcCY7NcPJ3lkMTZk,http://www.penninesoaringclub.org.uk/sites/parlick/,"c(-2.617225, 53.91135)"
Fan Brycheiniog,South Wales,https://t.me/joinchat/ksosguoLjyI0ZGFk,NA,"c(-3.70435, 51.87991)"
Fan Frynych,South Wales,https://t.me/joinchat/ksosguoLjyI0ZGFk,NA,"c(-3.510595, 51.89755)"
Fan Gyhirych,South Wales,https://t.me/joinchat/ksosguoLjyI0ZGFk,NA,"c(-3.62795, 51.85895)"
Farleton,Pennines & Dales,https://t.me/joinchat/NcCY7NcPJ3lkMTZk,http://www.cumbriasoaringclub.co.uk/SiteManagement/CSC_Specific_Site.php?site=FKT,"c(-2.70955, 54.21823)"
Fast Heugh,Borders,https://t.me/joinchat/gQNkjnuA51IwOTg0,http://www.wingbeat-paragliding.co.uk/index.php/sites/fastheugh,"c(-2.95538, 55.54987)"
Feshiebridge,Highlands,https://t.me/joinchat/gx0JDL-JdONiMGZk,NA,"c(-3.84713, 57.09047)"
Ffarmers,South Wales,https://t.me/joinchat/ksosguoLjyI0ZGFk,NA,"c(-3.97267, 52.1126)"
Fforest Fields,South Wales,https://t.me/joinchat/ksosguoLjyI0ZGFk,https://paraglidingwales.co.uk/fforest-farm/,"c(-3.33028, 52.16525)"
Firle,South East,https://t.me/joinchat/GOaWSlE5YAswZjc0,https://shgc.org.uk/siteguidepdf,"c(0.081015, 50.83497)"
Fochriw,South Wales,https://t.me/joinchat/ksosguoLjyI0ZGFk,NA,"c(-3.306415, 51.73535)"
Foel Fadian,Mid Wales & Mynd,https://t.me/joinchat/RuC0kVJ1ygY2OTY8,https://paraglidingwales.co.uk/general-information/foel/,"c(-3.730015, 52.543825)"
Foreman Hill,South Scotland & Grampian,https://t.me/joinchat/WLIel5HDs6ViOThk,NA,"c(-2.716795, 57.500895)"
Freathy,South West,https://t.me/joinchat/yg6UPwjHlFNhOGVk,NA,"c(-4.24835, 50.344935)"
Fremington,Pennines & Dales,https://t.me/joinchat/NcCY7NcPJ3lkMTZk,https://www.dhpc.org.uk/site-guide/fremington-edge,"c(-1.92925, 54.39755)"
Friar Waddon,South West,https://t.me/joinchat/yg6UPwjHlFNhOGVk,NA,"c(-2.50895, 50.66747)"
Frocester,West,https://t.me/joinchat/xxEzm4aeX6dhNTJk,http://www.avonhgpg.co.uk/sites/sites.php,"c(-2.29993, 51.70922)"
Fuar Mhonadh,South Scotland & Grampian,https://t.me/joinchat/WLIel5HDs6ViOThk,NA,"c(-4.21438, 56.85597)"
Gallt Yr Ogof,North Wales,https://t.me/joinchat/tP6m0r9gNJJmOTM8,NA,"c(-3.95147, 53.10545)"
Gam Rhiw,Mid Wales & Mynd,https://t.me/joinchat/RuC0kVJ1ygY2OTY8,NA,"c(-3.52982, 52.24465)"
Gargunnock Hills,South Scotland & Grampian,https://t.me/joinchat/WLIel5HDs6ViOThk,NA,"c(-4.16061, 56.09398)"
Garret,North Wales,https://t.me/joinchat/tP6m0r9gNJJmOTM8,NA,"c(-4.09969, 53.130375)"
Garway,South Wales,https://t.me/joinchat/ksosguoLjyI0ZGFk,NA,"c(-2.822335, 51.920355)"
Glen Clova,South Scotland & Grampian,https://t.me/joinchat/WLIel5HDs6ViOThk,NA,"c(-3.02755, 56.823025)"
Glen Ogle,South Scotland & Grampian,https://t.me/joinchat/WLIel5HDs6ViOThk,NA,"c(-4.32393, 56.42518)"
Glencoe,South Scotland & Grampian,https://t.me/joinchat/WLIel5HDs6ViOThk,NA,"c(-4.84147, 56.62842)"
Glenfinna,South Scotland & Grampian,https://t.me/joinchat/WLIel5HDs6ViOThk,NA,"c(-5.450175, 56.88111)"
Glyder,North Wales,https://t.me/joinchat/tP6m0r9gNJJmOTM8,https://www.snowdoniaskysports.co.uk/cms/node/11,"c(-3.997325, 53.092355)"
Golden Ball,West,https://t.me/joinchat/xxEzm4aeX6dhNTJk,https://www.tvhgc.co.uk/golden-ball,"c(-1.82039, 51.37275)"
Gorllwyn,North Wales,https://t.me/joinchat/tP6m0r9gNJJmOTM8,NA,"c(-4.13307, 52.95441)"
Graig Fawr,South Wales,https://t.me/joinchat/ksosguoLjyI0ZGFk,NA,"c(-3.99029, 51.75305)"
Great Coum,Pennines & Dales,https://t.me/joinchat/NcCY7NcPJ3lkMTZk,NA,"c(-2.45715, 54.24703)"
Great Whernside,Pennines & Dales,https://t.me/joinchat/NcCY7NcPJ3lkMTZk,https://www.dhpc.org.uk/site-guide/great-whernside,"c(-2.00633, 54.17188)"
Green How,Lakes,https://t.me/joinchat/nexjPNs95rY4Yzk8,NA,"c(-3.246415, 54.44812)"
Greenhill,Borders,https://t.me/joinchat/gQNkjnuA51IwOTg0,NA,"c(-3.700225, 55.58776)"
Grey Mares Tail,Borders,https://t.me/joinchat/gQNkjnuA51IwOTg0,NA,"c(-3.32182, 55.41957)"
Grey Scars,Pennines & Dales,https://t.me/joinchat/NcCY7NcPJ3lkMTZk,NA,"c(-2.41602, 54.141255)"
Gyrn Moelfre,North Wales,https://t.me/joinchat/tP6m0r9gNJJmOTM8,NA,"c(-3.20795, 52.85125)"
Haig,Lakes,https://t.me/joinchat/nexjPNs95rY4Yzk8,http://www.cumbriasoaringclub.co.uk/SiteManagement/CSC_Specific_Site.php?site=HGP,"c(-3.599365, 54.549675)"
Hambledon,West,https://t.me/joinchat/xxEzm4aeX6dhNTJk,http://www.wessexhgpg.org.uk/Sites/Siteguide/FullSiteGuide.pdf,"c(-2.22205, 50.914615)"
Haresfield,West,https://t.me/joinchat/xxEzm4aeX6dhNTJk,http://www.avonhgpg.co.uk/sites/sites.php,"c(-2.25599, 51.7793)"
Harting,South East,https://t.me/joinchat/GOaWSlE5YAswZjc0,http://skysurfingclub.co.uk/sites-guide/,"c(-0.87007, 50.95948)"
Haughmond Hill,Mid Wales & Mynd,https://t.me/joinchat/RuC0kVJ1ygY2OTY8,NA,"c(-2.687735, 52.719635)"
Hawkswick,Pennines & Dales,https://t.me/joinchat/NcCY7NcPJ3lkMTZk,NA,"c(-2.05297, 54.12898)"
Hay Bluff,South Wales,https://t.me/joinchat/ksosguoLjyI0ZGFk,https://www.flysouthwales.co.uk/site-guides,"c(-3.103875, 52.02262)"
Heol Senni,South Wales,https://t.me/joinchat/ksosguoLjyI0ZGFk,NA,"c(-3.58188, 51.8892)"
Herne Bay,South East,https://t.me/joinchat/GOaWSlE5YAswZjc0,https://www.dfhgc.org/sites/herne-bay,"c(1.175235, 51.375045)"
Heron Pike,Lakes,https://t.me/joinchat/nexjPNs95rY4Yzk8,NA,"c(-2.99615, 54.46479)"
High And Over,South East,https://t.me/joinchat/GOaWSlE5YAswZjc0,https://www.shgc.org.uk/highandover,"c(0.14232, 50.79118)"
High Cap,Lakes,https://t.me/joinchat/nexjPNs95rY4Yzk8,NA,"c(-2.526485, 54.70132)"
High Street,Lakes,https://t.me/joinchat/nexjPNs95rY4Yzk8,NA,"c(-2.862045, 54.493725)"
High Wheeldon,Central,https://t.me/joinchat/5iHr6hnc-gI4MDg0,NA,"c(-1.850865, 53.190085)"
Rhossili,South Wales,https://t.me/joinchat/ksosguoLjyI0ZGFk,NA,"c(-4.2844218, 51.5746054)"
Hill Farm,East,https://t.me/joinchat/1oNELt0BqesxNjJk,NA,"c(0.81357, 52.69155)"
Hill Of Noth,South Scotland & Grampian,https://t.me/joinchat/WLIel5HDs6ViOThk,NA,"c(-2.816895, 57.35942)"
Hogden Law,Borders,https://t.me/joinchat/gQNkjnuA51IwOTg0,NA,"c(-2.07423, 55.407675)"
Horden,North East,https://t.me/joinchat/1uCqybLRETIyNTRk,NA,"c(-1.29924, 54.76379)"
Hordon,North East,https://t.me/joinchat/1uCqybLRETIyNTRk,NA,"c(-1.311755, 54.791255)"
Hownam,Borders,https://t.me/joinchat/gQNkjnuA51IwOTg0,NA,"c(-2.329, 55.48852)"
Huish,West,https://t.me/joinchat/xxEzm4aeX6dhNTJk,NA,"c(-1.78157, 51.37337)"
Humbleton Hill,Borders,https://t.me/joinchat/gQNkjnuA51IwOTg0,NA,"c(-2.05217, 55.54903)"
Ill Bell,Lakes,https://t.me/joinchat/nexjPNs95rY4Yzk8,NA,"c(-2.944195, 54.494695)"
Ingleborough,Pennines & Dales,https://t.me/joinchat/NcCY7NcPJ3lkMTZk,NA,"c(-2.38332, 54.17053)"
Jenkin,Lakes,https://t.me/joinchat/nexjPNs95rY4Yzk8,http://www.cumbriasoaringclub.co.uk/SiteManagement/CSC_Specific_Site.php?site=JKH,"c(-3.120965, 54.63073)"
Johnny Barnes,Pennines & Dales,https://t.me/joinchat/NcCY7NcPJ3lkMTZk,NA,"c(-2.55285, 54.231355)"
Kerloch,South Scotland & Grampian,https://t.me/joinchat/WLIel5HDs6ViOThk,NA,"c(-2.503035, 56.98236)"
Kettle Sings,West,https://t.me/joinchat/xxEzm4aeX6dhNTJk,http://www.joomla.malvern-hang.org.uk/index.php/pinnacle-meniu,"c(-2.33928, 52.0769)"
Kilnsey,Pennines & Dales,https://t.me/joinchat/NcCY7NcPJ3lkMTZk,https://www.dhpc.org.uk/site-guide/kilnsey,"c(-2.04653, 54.1057)"
Kimmeridge,West,https://t.me/joinchat/xxEzm4aeX6dhNTJk,http://www.wessexhgpg.org.uk/Sites/Siteguide/FullSiteGuide.pdf,"c(-2.104835, 50.61489)"
King Tor,South West,https://t.me/joinchat/yg6UPwjHlFNhOGVk,https://sdhgpc.org.uk/sites/king-tor,"c(-3.823875, 50.619725)"
Kings Seat,South Scotland & Grampian,https://t.me/joinchat/WLIel5HDs6ViOThk,NA,"c(-3.24962, 56.481015)"
Kintail,Highlands,https://t.me/joinchat/gx0JDL-JdONiMGZk,NA,"c(-5.40846, 57.222515)"
Knitson,West,https://t.me/joinchat/xxEzm4aeX6dhNTJk,http://www.wessexhgpg.org.uk/Sites/Siteguide/FullSiteGuide.pdf,"c(-1.99473, 50.62963)"
Knock Hill,South Scotland & Grampian,https://t.me/joinchat/WLIel5HDs6ViOThk,NA,"c(-2.77698, 57.58362)"
Knock Of Formal,South Scotland & Grampian,https://t.me/joinchat/WLIel5HDs6ViOThk,NA,"c(-3.2127, 56.67662)"
Langdales,Lakes,https://t.me/joinchat/nexjPNs95rY4Yzk8,http://www.cumbriasoaringclub.co.uk/SiteManagement/CSC_Specific_Site.php?site=GLG,"c(-3.104655, 54.4554)"
Langholm,Borders,https://t.me/joinchat/gQNkjnuA51IwOTg0,NA,"c(-3.01533, 55.19375)"
Latrigg,Lakes,https://t.me/joinchat/nexjPNs95rY4Yzk8,http://www.cumbriasoaringclub.co.uk/SiteManagement/CSC_Specific_Site.php?site=LTR,"c(-3.1208, 54.6126)"
Lawley,Mid Wales & Mynd,https://t.me/joinchat/RuC0kVJ1ygY2OTY8,NA,"c(-2.73953, 52.58052)"
Leavesleys Hill,Mid Wales & Mynd,https://t.me/joinchat/RuC0kVJ1ygY2OTY8,NA,"c(-3.03457, 52.50114)"
Leckhampton,West,https://t.me/joinchat/xxEzm4aeX6dhNTJk,http://www.joomla.malvern-hang.org.uk/index.php/leckhampton,"c(-2.06652, 51.86505)"
Liddington,West,https://t.me/joinchat/xxEzm4aeX6dhNTJk,https://www.tvhgc.co.uk/liddington,"c(-1.70132, 51.51725)"
Little London,Mid Wales & Mynd,https://t.me/joinchat/RuC0kVJ1ygY2OTY8,NA,"c(-3.41212, 52.48875)"
Little Mell Fell,Lakes,https://t.me/joinchat/nexjPNs95rY4Yzk8,NA,"c(-2.890945, 54.606925)"
Little Wyvis,Highlands,https://t.me/joinchat/gx0JDL-JdONiMGZk,NA,"c(-4.63332, 57.64492)"
Llanbedr,South Wales,https://t.me/joinchat/ksosguoLjyI0ZGFk,NA,"c(-3.122905, 51.90815)"
Llandewi Brefi,Mid Wales & Mynd,https://t.me/joinchat/RuC0kVJ1ygY2OTY8,NA,"c(-3.971565, 52.16727)"
Llandinam,Mid Wales & Mynd,https://t.me/joinchat/RuC0kVJ1ygY2OTY8,NA,"c(-3.42457, 52.471895)"
Llangollen,North Wales,https://t.me/joinchat/tP6m0r9gNJJmOTM8,NA,"c(-3.13631, 52.95615)"
Llangorse,South Wales,https://t.me/joinchat/ksosguoLjyI0ZGFk,NA,"c(-3.2232, 51.93855)"
Llantysilio,North Wales,https://t.me/joinchat/tP6m0r9gNJJmOTM8,NA,"c(-3.26452, 52.99828)"
Loadpot Hill,Lakes,https://t.me/joinchat/nexjPNs95rY4Yzk8,NA,"c(-2.84407, 54.55643)"
Lobden,Pennines & Dales,https://t.me/joinchat/NcCY7NcPJ3lkMTZk,NA,"c(-2.15541, 53.661275)"
Loch Torridon,Highlands,https://t.me/joinchat/gx0JDL-JdONiMGZk,NA,"c(-5.595895, 57.56567)"
Lochcraig Head,Borders,https://t.me/joinchat/gQNkjnuA51IwOTg0,http://www.wingbeat-paragliding.co.uk/index.php/sites/lochcraig-head,"c(-3.3145, 55.452)"
Lochindorb,Highlands,https://t.me/joinchat/gx0JDL-JdONiMGZk,NA,"c(-3.69412, 57.40333)"
Lochlyock Hill,Borders,https://t.me/joinchat/gQNkjnuA51IwOTg0,NA,"c(-3.69897, 55.58799)"
Long Knoll,West,https://t.me/joinchat/xxEzm4aeX6dhNTJk,http://www.avonhgpg.co.uk/sites/sites.php,"c(-2.2909, 51.13749)"
Long Mountain,Mid Wales & Mynd,https://t.me/joinchat/RuC0kVJ1ygY2OTY8,NA,"c(-3.0631, 52.67568)"
Long Mynd,Mid Wales & Mynd,https://t.me/joinchat/RuC0kVJ1ygY2OTY8,http://www.longmynd.org/?page_id=284,"c(-2.88137, 52.52245)"
Long Mynd Black Knoll,Mid Wales & Mynd,https://t.me/joinchat/RuC0kVJ1ygY2OTY8,NA,"c(-2.8957, 52.494585)"
Longridge,Pennines & Dales,https://t.me/joinchat/NcCY7NcPJ3lkMTZk,http://www.penninesoaringclub.org.uk/sites/longridge/,"c(-2.54372, 53.85948)"
Longstone Edge,Central,https://t.me/joinchat/5iHr6hnc-gI4MDg0,NA,"c(-1.695635, 53.25455)"
Lords Seat / Rushup,Central,https://t.me/joinchat/5iHr6hnc-gI4MDg0,https://derbyshiresoaringclub.org.uk/site-guide/lords-seat,"c(-1.8266357, 53.3476582)"
Lowther,Borders,https://t.me/joinchat/gQNkjnuA51IwOTg0,NA,"c(-3.75755, 55.37818)"
Lumsden Law,Borders,https://t.me/joinchat/gQNkjnuA51IwOTg0,NA,"c(-2.43517, 55.34366)"
Magic,South Wales,https://t.me/joinchat/ksosguoLjyI0ZGFk,NA,"c(-3.14114, 51.888485)"
Maiden Castle,South West,https://t.me/joinchat/yg6UPwjHlFNhOGVk,http://www.wessexhgpg.org.uk/Sites/Siteguide/FullSiteGuide.pdf,"c(-2.468465, 50.6968)"
Mallerstang,Pennines & Dales,https://t.me/joinchat/NcCY7NcPJ3lkMTZk,NA,"c(-2.30946, 54.420285)"
Malvern,West,https://t.me/joinchat/xxEzm4aeX6dhNTJk,NA,"c(-2.33935, 52.07678)"
Mam Tor,Central,https://t.me/joinchat/5iHr6hnc-gI4MDg0,https://derbyshiresoaringclub.org.uk/site-guide/mam-tor-nw,"c(-1.80867, 53.34995)"
Marske,North East,https://t.me/joinchat/1uCqybLRETIyNTRk,NA,"c(-1.011055, 54.595635)"
Mauld,Highlands,https://t.me/joinchat/gx0JDL-JdONiMGZk,NA,"c(-4.66152, 57.40223)"
Meall A Bhuachaille,Highlands,https://t.me/joinchat/gx0JDL-JdONiMGZk,NA,"c(-3.67267, 57.18303)"
Meall A Bhuiridh,South Scotland & Grampian,https://t.me/joinchat/WLIel5HDs6ViOThk,NA,"c(-4.84418, 56.61175)"
Meall A Chaorainn,South Scotland & Grampian,https://t.me/joinchat/WLIel5HDs6ViOThk,NA,"c(-5.090165, 56.739475)"
Meall An T-Seallaidh,South Scotland & Grampian,https://t.me/joinchat/WLIel5HDs6ViOThk,NA,"c(-4.34837, 56.36672)"
Meall Bhanbhaid,South Scotland & Grampian,https://t.me/joinchat/WLIel5HDs6ViOThk,NA,"c(-5.091255, 56.863775)"
Meall Donn,Highlands,https://t.me/joinchat/gx0JDL-JdONiMGZk,NA,"c(-4.36915, 57.25252)"
Meall Leacachain,Highlands,https://t.me/joinchat/gx0JDL-JdONiMGZk,NA,"c(-4.9743, 57.75313)"
Meall Monachyle,South Scotland & Grampian,https://t.me/joinchat/WLIel5HDs6ViOThk,NA,"c(-4.48517, 56.34988)"
Meall Nan Bradan Leathan,Highlands,https://t.me/joinchat/gx0JDL-JdONiMGZk,NA,"c(-4.51005, 57.70198)"
Melmerby Low Scar,Lakes,https://t.me/joinchat/nexjPNs95rY4Yzk8,NA,"c(-2.57178, 54.73657)"
Mendips,West,https://t.me/joinchat/xxEzm4aeX6dhNTJk,NA,"c(-2.73075, 51.26302)"
Menstrie,Borders,https://t.me/joinchat/gQNkjnuA51IwOTg0,NA,"c(-3.84355, 56.15962)"
Mercury,South East,https://t.me/joinchat/GOaWSlE5YAswZjc0,http://skysurfingclub.co.uk/sites-guide/,"c(-1.03855, 50.97413)"
Mere,West,https://t.me/joinchat/xxEzm4aeX6dhNTJk,http://www.avonhgpg.co.uk/sites/sites.php,"c(-2.272205, 51.10858)"
Merthyr,South Wales,https://t.me/joinchat/ksosguoLjyI0ZGFk,NA,"c(-3.33597, 51.72333)"
Mid Eildon,Borders,https://t.me/joinchat/gQNkjnuA51IwOTg0,NA,"c(-2.70832, 55.58695)"
Middle Of Nowhere,Highlands,https://t.me/joinchat/gx0JDL-JdONiMGZk,NA,"c(-4.318965, 56.911)"
Middleark,Pennines & Dales,https://t.me/joinchat/NcCY7NcPJ3lkMTZk,NA,"c(-2.3607, 54.39815)"
Milk Hill White Horse,West,https://t.me/joinchat/xxEzm4aeX6dhNTJk,https://www.tvhgc.co.uk/milk-hill-white-horse,"c(-1.85684, 51.37282)"
Milk Massif,West,https://t.me/joinchat/xxEzm4aeX6dhNTJk,https://www.tvhgc.co.uk/milk-hill,"c(-1.7441, 51.37321)"
Model Ridge,North East,https://t.me/joinchat/1uCqybLRETIyNTRk,NA,"c(-1.1927, 54.42238)"
Moel Accre,North Wales,https://t.me/joinchat/tP6m0r9gNJJmOTM8,NA,"c(-3.24137, 53.0672)"
Moel Berfedd,North Wales,https://t.me/joinchat/tP6m0r9gNJJmOTM8,https://www.snowdoniaskysports.co.uk/cms/node/10,"c(-4.0101, 53.08238)"
Moel Eilio,North Wales,https://t.me/joinchat/tP6m0r9gNJJmOTM8,https://www.snowdoniaskysports.co.uk/cms/node/5,"c(-4.14007, 53.10893)"
Moel Famau,North Wales,https://t.me/joinchat/tP6m0r9gNJJmOTM8,NA,"c(-3.25977, 53.13865)"
Molls Cleuch Dod,Borders,https://t.me/joinchat/gQNkjnuA51IwOTg0,NA,"c(-3.35529, 55.445425)"
Moneylaws,Borders,https://t.me/joinchat/gQNkjnuA51IwOTg0,NA,"c(-2.205535, 55.60686)"
Monksdown,West,https://t.me/joinchat/xxEzm4aeX6dhNTJk,http://www.wessexhgpg.org.uk/Sites/SiteGuide/MonksDown.pdf,"c(-2.087075, 50.98638)"
Moorfoots,Borders,https://t.me/joinchat/gQNkjnuA51IwOTg0,NA,"c(-3.04622, 55.77353)"
Morrone,Highlands,https://t.me/joinchat/gx0JDL-JdONiMGZk,NA,"c(-3.42837, 56.98075)"
Moruisg,Highlands,https://t.me/joinchat/gx0JDL-JdONiMGZk,NA,"c(-5.16415, 57.51735)"
Morven,South Scotland & Grampian,https://t.me/joinchat/WLIel5HDs6ViOThk,NA,"c(-2.99882, 57.12432)"
Mount Benger,Borders,https://t.me/joinchat/gQNkjnuA51IwOTg0,http://www.wingbeat-paragliding.co.uk/index.php/sites/mountbenger,"c(-3.09345, 55.53187)"
Mount Caburn,South East,https://t.me/joinchat/GOaWSlE5YAswZjc0,https://shgc.org.uk/siteguidepdf,"c(0.050325, 50.86133)"
Much Marcle,West,https://t.me/joinchat/xxEzm4aeX6dhNTJk,http://www.joomla.malvern-hang.org.uk/index.php/main-much-marcle,"c(-2.53972, 51.99117)"
Murton Pike,Lakes,https://t.me/joinchat/nexjPNs95rY4Yzk8,http://www.cumbriasoaringclub.co.uk/SiteManagement/CSC_Specific_Site.php?site=MTP,"c(-2.41442, 54.60163)"
Mynydd Llysiau,South Wales,https://t.me/joinchat/ksosguoLjyI0ZGFk,NA,"c(-3.158625, 51.9469)"
Mynydd Meio,South Wales,https://t.me/joinchat/ksosguoLjyI0ZGFk,NA,"c(-3.280885, 51.586525)"
Myreton,South Scotland & Grampian,https://t.me/joinchat/WLIel5HDs6ViOThk,NA,"c(-3.84343, 56.16015)"
Na Cnapanan,Highlands,https://t.me/joinchat/gx0JDL-JdONiMGZk,NA,"c(-4.5118, 56.96742)"
Nant,North Wales,https://t.me/joinchat/tP6m0r9gNJJmOTM8,NA,"c(-4.459285, 52.96924)"
Nant Y Moel,South Wales,https://t.me/joinchat/ksosguoLjyI0ZGFk,NA,"c(-3.52589, 51.632525)"
Near Abington,Borders,https://t.me/joinchat/gQNkjnuA51IwOTg0,NA,"c(-3.67649, 55.486375)"
Nevis Range,South Scotland & Grampian,https://t.me/joinchat/WLIel5HDs6ViOThk,NA,"c(-4.97152, 56.84188)"
Newburgh,South Scotland & Grampian,https://t.me/joinchat/WLIel5HDs6ViOThk,NA,"c(-3.19452, 56.35788)"
Newgale,South Wales,https://t.me/joinchat/ksosguoLjyI0ZGFk,NA,"c(-5.112865, 51.83807)"
Newhaven,South East,https://t.me/joinchat/GOaWSlE5YAswZjc0,https://shgc.org.uk/siteguidepdf,"c(0.04792, 50.782)"
Nont Sarahs,Pennines & Dales,https://t.me/joinchat/NcCY7NcPJ3lkMTZk,http://www.penninesoaringclub.org.uk/sites/nont-sarahs/,"c(-1.97303, 53.61865)"
North Luffenham,East,https://t.me/joinchat/1oNELt0BqesxNjJk,NA,"c(-0.60998, 52.63035)"
Nr Broughton,Borders,https://t.me/joinchat/gQNkjnuA51IwOTg0,NA,"c(-3.39281, 55.61485)"
Nr Dolgarrog,North Wales,https://t.me/joinchat/tP6m0r9gNJJmOTM8,NA,"c(-3.87424, 53.17441)"
Old Bewick,Borders,https://t.me/joinchat/gQNkjnuA51IwOTg0,NA,"c(-1.87987, 55.48752)"
Pandy,South Wales,https://t.me/joinchat/ksosguoLjyI0ZGFk,NA,"c(-2.99456, 51.90795)"
Pandy Ridge,South Wales,https://t.me/joinchat/ksosguoLjyI0ZGFk,NA,"c(-3.00817, 51.93762)"
Panorama,North Wales,https://t.me/joinchat/tP6m0r9gNJJmOTM8,NA,"c(-3.13775, 52.98267)"
Parlick,Pennines & Dales,https://t.me/joinchat/NcCY7NcPJ3lkMTZk,http://www.penninesoaringclub.org.uk/sites/parlick/,"c(-2.61796, 53.89987)"
Parracombe,South West,https://t.me/joinchat/yg6UPwjHlFNhOGVk,NA,"c(-3.87586, 51.17836)"
Pen Dinas,Mid Wales & Mynd,https://t.me/joinchat/RuC0kVJ1ygY2OTY8,NA,"c(-4.089325, 52.39909)"
Pen Y Fan,South Wales,https://t.me/joinchat/ksosguoLjyI0ZGFk,NA,"c(-3.44538, 51.88303)"
Pendle,Pennines & Dales,https://t.me/joinchat/NcCY7NcPJ3lkMTZk,http://www.penninesoaringclub.org.uk/sites/pendle/,"c(-2.33822, 53.857325)"
Penmaen Bach,North Wales,https://t.me/joinchat/tP6m0r9gNJJmOTM8,NA,"c(-3.87592, 53.28425)"
Penycloddiau,North Wales,https://t.me/joinchat/tP6m0r9gNJJmOTM8,NA,"c(-3.30875, 53.2048)"
Penyghent,Pennines & Dales,https://t.me/joinchat/NcCY7NcPJ3lkMTZk,NA,"c(-2.250465, 54.159015)"
Pinnacle Hill,West,https://t.me/joinchat/xxEzm4aeX6dhNTJk,NA,"c(-2.33912, 52.07676)"
Pontlottyn,South Wales,https://t.me/joinchat/ksosguoLjyI0ZGFk,NA,"c(-3.281915, 51.738675)"
Pressendye,South Scotland & Grampian,https://t.me/joinchat/WLIel5HDs6ViOThk,NA,"c(-2.84776, 57.167715)"
Primrose Valley,North East,https://t.me/joinchat/1uCqybLRETIyNTRk,https://cayleyparagliding.co.uk/paragliding-primrose-valley/,"c(-0.2823, 54.19188)"
Quinag,Highlands,https://t.me/joinchat/gx0JDL-JdONiMGZk,NA,"c(-5.023595, 58.19839)"
Quiraing,Highlands,https://t.me/joinchat/gx0JDL-JdONiMGZk,NA,"c(-6.28901, 57.6291)"
Radar Masts,Lakes,https://t.me/joinchat/nexjPNs95rY4Yzk8,NA,"c(-2.574685, 54.7572)"
Rebecca,Lakes,https://t.me/joinchat/nexjPNs95rY4Yzk8,http://www.cumbriasoaringclub.co.uk/SiteManagement/CSC_Specific_Site.php?site=RBA,"c(-3.182425, 54.19645)"
Red Pike,Lakes,https://t.me/joinchat/nexjPNs95rY4Yzk8,NA,"c(-3.29862, 54.52747)"
Red Screes,Lakes,https://t.me/joinchat/nexjPNs95rY4Yzk8,NA,"c(-2.93378, 54.46935)"
Reighton,North East,https://t.me/joinchat/1uCqybLRETIyNTRk,https://cayleyparagliding.co.uk/paragliding-reighton/,"c(-0.24596, 54.16498)"
Rhiw Wen,South Wales,https://t.me/joinchat/ksosguoLjyI0ZGFk,NA,"c(-3.848115, 51.855975)"
Ringstead,West,https://t.me/joinchat/xxEzm4aeX6dhNTJk,http://www.wessexhgpg.org.uk/Sites/Siteguide/FullSiteGuide.pdf,"c(-2.34191, 50.640175)"
Roaches,Central,https://t.me/joinchat/5iHr6hnc-gI4MDg0,NA,"c(-2.003125, 53.169285)"
Robinson,Lakes,https://t.me/joinchat/nexjPNs95rY4Yzk8,NA,"c(-3.23605, 54.53732)"
Roel Gate,West,https://t.me/joinchat/xxEzm4aeX6dhNTJk,NA,"c(-1.924425, 51.91705)"
Rough Knowe,Borders,https://t.me/joinchat/gQNkjnuA51IwOTg0,NA,"c(-2.99485, 55.52201)"
Rutland Airsports,East,https://t.me/joinchat/1oNELt0BqesxNjJk,https://rutlandairsport.wordpress.com/site-guide/,"c(-0.605775, 52.630445)"
Rybury,West,https://t.me/joinchat/xxEzm4aeX6dhNTJk,https://www.tvhgc.co.uk/rybury,"c(-1.88167, 51.37278)"
Saddle Yoke,Borders,https://t.me/joinchat/gQNkjnuA51IwOTg0,NA,"c(-3.34808, 55.38602)"
Sandymouth,South West,https://t.me/joinchat/yg6UPwjHlFNhOGVk,NA,"c(-4.55508, 50.85997)"
Sarn,Mid Wales & Mynd,https://t.me/joinchat/RuC0kVJ1ygY2OTY8,NA,"c(-3.14252, 52.50295)"
Scales Fell,Lakes,https://t.me/joinchat/nexjPNs95rY4Yzk8,NA,"c(-3.02565, 54.63858)"
Schiehallion,South Scotland & Grampian,https://t.me/joinchat/WLIel5HDs6ViOThk,NA,"c(-4.07636, 56.666075)"
Seat Sandal,Lakes,https://t.me/joinchat/nexjPNs95rY4Yzk8,NA,"c(-3.03585, 54.49046)"
Selsley,West,https://t.me/joinchat/xxEzm4aeX6dhNTJk,http://www.avonhgpg.co.uk/sites/sites.php,"c(-2.25043, 51.72742)"
Semer Water,Pennines & Dales,https://t.me/joinchat/NcCY7NcPJ3lkMTZk,https://www.dhpc.org.uk/site-guide/semer-water,"c(-2.13954, 54.28856)"
Seven Sisters,South Wales,https://t.me/joinchat/ksosguoLjyI0ZGFk,NA,"c(-3.70062, 51.7471)"
Sgor Gaoithe,Highlands,https://t.me/joinchat/gx0JDL-JdONiMGZk,NA,"c(-3.53576, 57.27755)"
Sgurr An Airgid,Highlands,https://t.me/joinchat/gx0JDL-JdONiMGZk,NA,"c(-5.39644, 57.237705)"
Sgurr An Fhuarail,Highlands,https://t.me/joinchat/gx0JDL-JdONiMGZk,NA,"c(-5.201, 57.16208)"
Sgurr Finniosgaig,South Scotland & Grampian,https://t.me/joinchat/WLIel5HDs6ViOThk,NA,"c(-4.971065, 56.842225)"
Sgurr Na Feartaig,Highlands,https://t.me/joinchat/gx0JDL-JdONiMGZk,NA,"c(-5.246675, 57.467725)"
Sharpenhoe,South East,https://t.me/joinchat/GOaWSlE5YAswZjc0,https://dunstablehpc.com/site-guides/sharpenhoe-site-guide/,"c(-0.44589, 51.9582)"
Shining Tor,Central,https://t.me/joinchat/5iHr6hnc-gI4MDg0,NA,"c(-2.01091, 53.258625)"
Skiddaw,Lakes,https://t.me/joinchat/nexjPNs95rY4Yzk8,NA,"c(-3.13732, 54.63947)"
Skirrid,South Wales,https://t.me/joinchat/ksosguoLjyI0ZGFk,NA,"c(-2.97482, 51.8549)"
Slaggyford,Lakes,https://t.me/joinchat/nexjPNs95rY4Yzk8,NA,"c(-2.515355, 54.850975)"
Sma Glen,South Scotland & Grampian,https://t.me/joinchat/WLIel5HDs6ViOThk,NA,"c(-3.81529, 56.46551)"
Snowdon,North Wales,https://t.me/joinchat/tP6m0r9gNJJmOTM8,NA,"c(-4.071575, 53.074725)"
Sourton,South West,https://t.me/joinchat/yg6UPwjHlFNhOGVk,https://sdhgpc.org.uk/sites/sourton,"c(-4.06627, 50.69002)"
South Cerney,West,https://t.me/joinchat/xxEzm4aeX6dhNTJk,NA,"c(-1.92145, 51.68687)"
Southbourne,West,https://t.me/joinchat/xxEzm4aeX6dhNTJk,http://www.wessexhgpg.org.uk/Sites/Siteguide/FullSiteGuide.pdf,"c(-1.8166, 50.7215)"
Souther Fell,Lakes,https://t.me/joinchat/nexjPNs95rY4Yzk8,http://www.cumbriasoaringclub.co.uk/SiteManagement/CSC_Specific_Site.php?site=SRF,"c(-2.998565, 54.652675)"
Sow Of Athol,South Scotland & Grampian,https://t.me/joinchat/WLIel5HDs6ViOThk,NA,"c(-4.255375, 56.83914)"
Sron A Gharbh Choire Bhig,South Scotland & Grampian,https://t.me/joinchat/WLIel5HDs6ViOThk,NA,"c(-5.39589, 56.68805)"
St Bees,Lakes,https://t.me/joinchat/nexjPNs95rY4Yzk8,http://www.cumbriasoaringclub.co.uk/SiteManagement/CSC_Specific_Site.php?site=SBS,"c(-3.63922, 54.512705)"
St Cats,Isle of Wight,https://t.me/joinchat/tSmGEGKwsGpkMTg0,NA,"c(-1.30578, 50.5964)"
St. Aldhelms,West,https://t.me/joinchat/xxEzm4aeX6dhNTJk,http://www.wessexhgpg.org.uk/Sites/Siteguide/FullSiteGuide.pdf,"c(-2.05952, 50.59287)"
St. Bees,Lakes,https://t.me/joinchat/nexjPNs95rY4Yzk8,NA,"c(-3.61055, 54.489875)"
Stags Fell,Pennines & Dales,https://t.me/joinchat/NcCY7NcPJ3lkMTZk,https://www.dhpc.org.uk/site-guide/stags-fell,"c(-2.19745, 54.3266)"
Stanage,Central,https://t.me/joinchat/5iHr6hnc-gI4MDg0,https://derbyshiresoaringclub.org.uk/site-guide/stanage,"c(-1.63178, 53.34632)"
Standon Hill,South West,https://t.me/joinchat/yg6UPwjHlFNhOGVk,NA,"c(-4.04571, 50.612875)"
Stoodley Pike,Pennines & Dales,https://t.me/joinchat/NcCY7NcPJ3lkMTZk,NA,"c(-2.04317, 53.71378)"
Strath Rusdale,Highlands,https://t.me/joinchat/gx0JDL-JdONiMGZk,NA,"c(-4.37814, 57.768515)"
Strathyre,South Scotland & Grampian,https://t.me/joinchat/WLIel5HDs6ViOThk,NA,"c(-4.29433, 56.3259)"
Stronend,South Scotland & Grampian,https://t.me/joinchat/WLIel5HDs6ViOThk,NA,"c(-4.20669, 56.07711)"
Struddick,South West,https://t.me/joinchat/yg6UPwjHlFNhOGVk,NA,"c(-4.40427, 50.366)"
Sugar Hill,West,https://t.me/joinchat/xxEzm4aeX6dhNTJk,https://www.tvhgc.co.uk/sugar-hill,"c(-1.65892, 51.50662)"
Sugar Loaf,South Wales,https://t.me/joinchat/ksosguoLjyI0ZGFk,NA,"c(-3.05893, 51.84308)"
Suidhe Fhearghas,South Scotland & Grampian,https://t.me/joinchat/WLIel5HDs6ViOThk,NA,"c(-5.19681, 55.660675)"
Swallowcliffe,West,https://t.me/joinchat/xxEzm4aeX6dhNTJk,http://www.wessexhgpg.org.uk/Sites/Siteguide/FullSiteGuide.pdf,"c(-2.03677, 51.03013)"
Swarth Fell,Pennines & Dales,https://t.me/joinchat/NcCY7NcPJ3lkMTZk,NA,"c(-2.37548, 54.36477)"
Swindale,Lakes,https://t.me/joinchat/nexjPNs95rY4Yzk8,NA,"c(-3.029695, 54.544775)"
Swinside,Lakes,https://t.me/joinchat/nexjPNs95rY4Yzk8,http://www.cumbriasoaringclub.co.uk/SiteManagement/CSC_Specific_Site.php?site=SWS,"c(-3.281725, 54.60806)"
Tailbridge,Pennines & Dales,https://t.me/joinchat/NcCY7NcPJ3lkMTZk,https://www.dhpc.org.uk/site-guide/tailbridge,"c(-2.304225, 54.438585)"
Talybont,South Wales,https://t.me/joinchat/ksosguoLjyI0ZGFk,NA,"c(-3.35693, 51.86419)"
Tarmachan,South Scotland & Grampian,https://t.me/joinchat/WLIel5HDs6ViOThk,NA,"c(-4.292435, 56.51268)"
Telegraph Hill,West,https://t.me/joinchat/xxEzm4aeX6dhNTJk,NA,"c(-2.5102, 50.84407)"
Threlkeld Knotts,Lakes,https://t.me/joinchat/nexjPNs95rY4Yzk8,NA,"c(-3.04247, 54.59718)"
Thundergay,South Scotland & Grampian,https://t.me/joinchat/WLIel5HDs6ViOThk,NA,"c(-5.3462, 55.65658)"
Thurnham,South East,https://t.me/joinchat/GOaWSlE5YAswZjc0,https://www.dfhgc.org/sites/thurnham,"c(0.588415, 51.29471)"
Tinto,Borders,https://t.me/joinchat/gQNkjnuA51IwOTg0,NA,"c(-3.701085, 55.59112)"
Tinto East,Borders,https://t.me/joinchat/gQNkjnuA51IwOTg0,NA,"c(-3.65757, 55.60432)"
Tops Of Fichell,South Scotland & Grampian,https://t.me/joinchat/WLIel5HDs6ViOThk,NA,"c(-3.01902, 56.79968)"
Treak Cliff,Central,https://t.me/joinchat/5iHr6hnc-gI4MDg0,https://derbyshiresoaringclub.org.uk/site-guide/treak-cliff,"c(-1.79862, 53.34285)"
Builth Wells,South Wales,https://t.me/joinchat/ksosguoLjyI0ZGFk,http://www.malvern-hang.org.uk/index.php?option=com_content&view=article&id=97&catid=11&Itemid=105,"c(-3.340835, 52.163375)"
Trentishoe,South West,https://t.me/joinchat/yg6UPwjHlFNhOGVk,https://ndhpc.co.uk/sites_guide/trentishoe,"c(-3.96708, 51.21494)"
Tresparret,South West,https://t.me/joinchat/yg6UPwjHlFNhOGVk,NA,"c(-4.65161, 50.71204)"
Triscombe,South West,https://t.me/joinchat/yg6UPwjHlFNhOGVk,NA,"c(-3.19767, 51.10595)"
Troutbeck,Lakes,https://t.me/joinchat/nexjPNs95rY4Yzk8,http://www.cumbriasoaringclub.co.uk/SiteManagement/CSC_Specific_Site.php?site=TBK,"c(-2.887085, 54.420885)"
Tudhope Hill,Borders,https://t.me/joinchat/gQNkjnuA51IwOTg0,NA,"c(-2.895935, 55.280345)"
Ubley,West,https://t.me/joinchat/xxEzm4aeX6dhNTJk,http://www.avonhgpg.co.uk/sites/sites.php,"c(-2.67549, 51.31175)"
Uffington,West,https://t.me/joinchat/xxEzm4aeX6dhNTJk,https://www.tvhgc.co.uk/uffington-white-horse,"c(-1.567135, 51.57718)"
Ullock,Lakes,https://t.me/joinchat/nexjPNs95rY4Yzk8,http://www.cumbriasoaringclub.co.uk/SiteManagement/CSC_Specific_Site.php?site=ULP,"c(-3.17945, 54.66175)"
Unknown,South Wales,https://t.me/joinchat/ksosguoLjyI0ZGFk,NA,"c(-2.99565, 51.80427)"
Walla,Lakes,https://t.me/joinchat/nexjPNs95rY4Yzk8,http://www.cumbriasoaringclub.co.uk/SiteManagement/CSC_Specific_Site.php?site=WAC,"c(-3.118915, 54.58312)"
Warren,South East,https://t.me/joinchat/GOaWSlE5YAswZjc0,https://www.dfhgc.org/sites/warren,"c(1.22615, 51.1016)"
Wasdale Screes,Lakes,https://t.me/joinchat/nexjPNs95rY4Yzk8,NA,"c(-3.31664, 54.417075)"
West Lomand,South Scotland & Grampian,https://t.me/joinchat/WLIel5HDs6ViOThk,NA,"c(-3.30207, 56.24695)"
Westbury,West,https://t.me/joinchat/xxEzm4aeX6dhNTJk,http://www.avonhgpg.co.uk/sites/sites.php,"c(-2.14746, 51.2626)"
Westward Ho!,South West,https://t.me/joinchat/yg6UPwjHlFNhOGVk,https://ndhpc.co.uk/sites_guide/cornborough,"c(-4.25735, 51.035975)"
Wether Fell,Pennines & Dales,https://t.me/joinchat/NcCY7NcPJ3lkMTZk,https://www.dhpc.org.uk/site-guide/wether-fell,"c(-2.20558, 54.27013)"
Weybourne,East,https://t.me/joinchat/1oNELt0BqesxNjJk,NA,"c(1.14494, 52.948605)"
Whernside,Pennines & Dales,https://t.me/joinchat/NcCY7NcPJ3lkMTZk,https://www.dhpc.org.uk/site-guide/whernside,"c(-2.41976, 54.207335)"
White Corries,South Scotland & Grampian,https://t.me/joinchat/WLIel5HDs6ViOThk,NA,"c(-4.84022, 56.62787)"
White Horse,South West,https://t.me/joinchat/yg6UPwjHlFNhOGVk,http://www.wessexhgpg.org.uk/Sites/SiteGuide/WhiteHorse.pdf,"c(-2.40473, 50.6586)"
White Pike,Lakes,https://t.me/joinchat/nexjPNs95rY4Yzk8,NA,"c(-3.090985, 54.47383)"
Whiteless Pike,Lakes,https://t.me/joinchat/nexjPNs95rY4Yzk8,NA,"c(-3.27151, 54.55924)"
Whitesheet,West,https://t.me/joinchat/xxEzm4aeX6dhNTJk,http://www.wessexhgpg.org.uk/Sites/SiteGuide/WhiteSheet.pdf,"c(-2.09212, 51.01293)"
Whiteside,Lakes,https://t.me/joinchat/nexjPNs95rY4Yzk8,NA,"c(-3.28691, 54.5864)"
Whitestones,Pennines & Dales,https://t.me/joinchat/NcCY7NcPJ3lkMTZk,http://www.cumbriasoaringclub.co.uk/SiteManagement/CSC_Specific_Site.php?site=WHS,"c(-2.56474, 54.3809)"
Whitewool,South East,https://t.me/joinchat/GOaWSlE5YAswZjc0,http://skysurfingclub.co.uk/sites-guide/,"c(-1.075675, 50.97898)"
Widgery Cross,South West,https://t.me/joinchat/yg6UPwjHlFNhOGVk,NA,"c(-4.06855, 50.65193)"
Windbank,Pennines & Dales,https://t.me/joinchat/NcCY7NcPJ3lkMTZk,NA,"c(-2.05327, 54.12924)"
Winter Hill,Pennines & Dales,https://t.me/joinchat/NcCY7NcPJ3lkMTZk,http://www.penninesoaringclub.org.uk/sites/winter-hill/,"c(-2.513545, 53.62974)"
Wolf Crags,Lakes,https://t.me/joinchat/nexjPNs95rY4Yzk8,http://www.cumbriasoaringclub.co.uk/SiteManagement/CSC_Specific_Site.php?site=WFC,"c(-2.986195, 54.5922)"
Woolacombe,South West,https://t.me/joinchat/yg6UPwjHlFNhOGVk,https://ndhpc.co.uk/sites_guide/woolacombe_site_guide,"c(-4.20607, 51.15888)"
Worcester Beacon,West,https://t.me/joinchat/xxEzm4aeX6dhNTJk,http://www.joomla.malvern-hang.org.uk/index.php/beacon,"c(-2.3394, 52.10445)"
Wrekin,Mid Wales & Mynd,https://t.me/joinchat/RuC0kVJ1ygY2OTY8,http://www.longmynd.org/?page_id=292,"c(-2.55195, 52.66943)"
Wrynose,Lakes,https://t.me/joinchat/nexjPNs95rY4Yzk8,http://www.cumbriasoaringclub.co.uk/SiteManagement/CSC_Specific_Site.php?site=WYP,"c(-3.1118, 54.41832)"
Yoke,Lakes,https://t.me/joinchat/nexjPNs95rY4Yzk8,NA,"c(-2.86792, 54.450355)"
Gargunnock,South Scotland & Grampian,https://t.me/joinchat/WLIel5HDs6ViOThk,NA,"c(-4.08335, 56.11127)"
Pule,Pennines & Dales,https://t.me/joinchat/NcCY7NcPJ3lkMTZk,http://www.penninesoaringclub.org.uk/sites/pule-hill/,"c(-1.9534149, 53.5902168)"
Holme Moss,Pennines & Dales,https://t.me/joinchat/NcCY7NcPJ3lkMTZk,NA,"c(-1.8554027, 53.5320572)"
Beddugre Hill,Mid Wales & Mynd,https://t.me/joinchat/RuC0kVJ1ygY2OTY8,https://paraglidingwales.co.uk/general-information/beddugre-hill/,"c(-3.3395227, 52.3207433)"
Tremaen,South Wales,https://t.me/joinchat/ksosguoLjyI0ZGFk,https://paraglidingwales.co.uk/general-information/tremaen/,"c(-3.350386, 52.1550797)"
